id_pedido;id_cliente;fecha_pedido;estado_pedido
1;435;2021-01-01;Entregado
2;259;2021-01-02;Entregado
3;476;2021-01-03;Entregado
4;477;2021-01-05;Entregado
5;190;2021-01-06;Entregado
6;463;2021-01-06;Entregado
7;300;2021-01-08;Entregado
8;395;2021-01-09;Entregado
9;32;2021-01-10;Entregado
10;254;2021-01-10;Entregado
11;383;2021-01-12;Entregado
12;96;2021-01-12;Entregado
13;79;2021-01-14;Entregado
14;399;2021-01-15;Entregado
15;395;2021-01-15;Entregado
16;231;2021-01-17;Entregado
17;481;2021-01-17;Entregado
18;110;2021-01-19;Entregado
19;415;2021-01-20;Entregado
20;306;2021-01-20;Entregado
21;426;2021-01-22;Entregado
22;181;2021-01-23;Entregado
23;360;2021-01-24;Entregado
24;186;2021-01-24;Entregado
25;44;2021-01-26;Entregado
26;103;2021-01-26;Entregado
27;100;2021-01-28;Entregado
28;315;2021-01-29;Entregado
29;57;2021-01-30;Entregado
30;341;2021-01-30;Entregado
31;152;2021-02-01;Entregado
32;147;2021-02-02;Entregado
33;232;2021-02-02;Entregado
34;285;2021-02-04;Entregado
35;141;2021-02-05;Entregado
36;86;2021-02-06;Entregado
37;162;2021-02-07;Entregado
38;23;2021-02-08;Entregado
39;288;2021-02-08;Entregado
40;64;2021-02-10;Entregado
41;438;2021-02-11;Entregado
42;55;2021-02-12;Entregado
43;218;2021-02-12;Entregado
44;235;2021-02-13;Entregado
45;276;2021-02-15;Entregado
46;316;2021-02-15;Entregado
47;399;2021-02-17;Entregado
48;310;2021-02-17;Entregado
49;212;2021-02-18;Entregado
50;365;2021-02-19;Entregado
51;75;2021-02-20;Entregado
52;44;2021-02-22;Entregado
53;196;2021-02-22;Entregado
54;37;2021-02-24;Entregado
55;197;2021-02-24;Entregado
56;390;2021-02-26;Entregado
57;84;2021-02-27;Entregado
58;221;2021-02-27;Entregado
59;178;2021-03-01;Entregado
60;333;2021-03-02;Entregado
61;496;2021-03-02;Entregado
62;271;2021-03-04;Entregado
63;19;2021-03-05;Entregado
64;310;2021-03-06;Entregado
65;97;2021-03-07;Entregado
66;185;2021-03-08;Entregado
67;168;2021-03-08;Entregado
68;435;2021-03-09;Entregado
69;461;2021-03-10;Entregado
70;165;2021-03-11;Entregado
71;168;2021-03-12;Cancelado
72;312;2021-03-14;Entregado
73;381;2021-03-15;Entregado
74;316;2021-03-15;Entregado
75;357;2021-03-17;Cancelado
76;27;2021-03-18;Entregado
77;224;2021-03-18;Entregado
78;439;2021-03-20;Entregado
79;94;2021-03-20;Entregado
80;74;2021-03-21;Entregado
81;290;2021-03-22;Entregado
82;81;2021-03-23;Entregado
83;257;2021-03-25;Cancelado
84;409;2021-03-26;Entregado
85;20;2021-03-26;Entregado
86;282;2021-03-28;Entregado
87;324;2021-03-28;Entregado
88;67;2021-03-30;Entregado
89;43;2021-03-30;Entregado
90;320;2021-03-31;Entregado
91;84;2021-04-02;Entregado
92;456;2021-04-02;Entregado
93;268;2021-04-04;Entregado
94;386;2021-04-05;Entregado
95;481;2021-04-05;Cancelado
96;426;2021-04-07;Cancelado
97;300;2021-04-07;Cancelado
98;285;2021-04-09;Entregado
99;270;2021-04-10;Entregado
100;410;2021-04-11;Entregado
101;315;2021-04-11;Entregado
102;203;2021-04-12;Entregado
103;274;2021-04-13;Entregado
104;163;2021-04-15;Entregado
105;96;2021-04-16;Entregado
106;356;2021-04-16;Entregado
107;89;2021-04-18;Entregado
108;65;2021-04-19;Entregado
109;58;2021-04-19;Entregado
110;473;2021-04-21;Entregado
111;152;2021-04-22;Entregado
112;43;2021-04-23;Entregado
113;201;2021-04-23;Entregado
114;1;2021-04-24;Entregado
115;438;2021-04-26;Entregado
116;293;2021-04-27;Entregado
117;400;2021-04-28;Entregado
118;363;2021-04-29;Entregado
119;137;2021-04-30;Entregado
120;395;2021-05-01;Entregado
121;176;2021-05-02;Entregado
122;403;2021-05-03;Entregado
123;51;2021-05-04;Entregado
124;405;2021-05-04;Cancelado
125;2;2021-05-06;Cancelado
126;432;2021-05-06;Entregado
127;168;2021-05-08;Entregado
128;110;2021-05-09;Entregado
129;210;2021-05-09;Entregado
130;38;2021-05-11;Entregado
131;69;2021-05-12;Entregado
132;340;2021-05-13;Entregado
133;234;2021-05-13;Entregado
134;359;2021-05-15;Entregado
135;206;2021-05-15;Entregado
136;327;2021-05-16;Entregado
137;379;2021-05-18;Entregado
138;499;2021-05-18;Entregado
139;333;2021-05-20;Entregado
140;176;2021-05-21;Entregado
141;379;2021-05-22;Entregado
142;331;2021-05-22;Entregado
143;427;2021-05-24;Entregado
144;98;2021-05-25;Entregado
145;174;2021-05-25;Entregado
146;446;2021-05-27;Entregado
147;204;2021-05-27;Entregado
148;370;2021-05-28;Entregado
149;307;2021-05-29;Entregado
150;354;2021-05-31;Entregado
151;108;2021-05-31;Entregado
152;122;2021-06-02;Entregado
153;215;2021-06-03;Entregado
154;448;2021-06-04;Entregado
155;410;2021-06-05;Entregado
156;262;2021-06-05;Entregado
157;214;2021-06-06;Entregado
158;61;2021-06-07;Entregado
159;388;2021-06-09;Entregado
160;401;2021-06-10;Entregado
161;321;2021-06-11;Entregado
162;463;2021-06-12;Entregado
163;170;2021-06-13;Entregado
164;476;2021-06-13;Entregado
165;213;2021-06-14;Entregado
166;298;2021-06-16;Entregado
167;397;2021-06-16;Entregado
168;136;2021-06-17;Entregado
169;379;2021-06-19;Entregado
170;286;2021-06-19;Entregado
171;282;2021-06-20;Entregado
172;4;2021-06-21;Entregado
173;318;2021-06-22;Entregado
174;97;2021-06-23;Entregado
175;226;2021-06-24;Entregado
176;118;2021-06-25;Entregado
177;130;2021-06-26;Entregado
178;336;2021-06-28;Entregado
179;429;2021-06-29;Entregado
180;306;2021-06-30;Entregado
181;192;2021-06-30;Entregado
182;338;2021-07-01;Entregado
183;244;2021-07-03;Entregado
184;255;2021-07-03;Entregado
185;231;2021-07-04;Entregado
186;272;2021-07-06;Entregado
187;167;2021-07-06;Entregado
188;145;2021-07-07;Entregado
189;335;2021-07-09;Entregado
190;339;2021-07-09;Entregado
191;347;2021-07-11;Entregado
192;310;2021-07-12;Entregado
193;407;2021-07-12;Entregado
194;449;2021-07-13;Entregado
195;492;2021-07-15;Entregado
196;28;2021-07-16;Entregado
197;466;2021-07-17;Entregado
198;449;2021-07-17;Entregado
199;466;2021-07-19;Entregado
200;431;2021-07-20;Entregado
201;331;2021-07-20;Entregado
202;39;2021-07-22;Entregado
203;491;2021-07-23;Entregado
204;207;2021-07-23;Entregado
205;296;2021-07-25;Entregado
206;367;2021-07-25;Entregado
207;9;2021-07-27;Entregado
208;332;2021-07-28;Entregado
209;286;2021-07-29;Entregado
210;117;2021-07-29;Entregado
211;131;2021-07-31;Entregado
212;10;2021-08-01;Entregado
213;487;2021-08-02;Entregado
214;420;2021-08-03;Entregado
215;399;2021-08-04;Entregado
216;221;2021-08-04;Entregado
217;209;2021-08-06;Entregado
218;131;2021-08-07;Entregado
219;266;2021-08-08;Entregado
220;58;2021-08-08;Entregado
221;182;2021-08-10;Entregado
222;183;2021-08-11;Entregado
223;179;2021-08-11;Entregado
224;285;2021-08-13;Entregado
225;396;2021-08-13;Entregado
226;430;2021-08-14;Entregado
227;27;2021-08-15;Entregado
228;173;2021-08-16;Entregado
229;17;2021-08-18;Entregado
230;116;2021-08-19;Entregado
231;465;2021-08-20;Entregado
232;134;2021-08-21;Entregado
233;228;2021-08-21;Entregado
234;307;2021-08-22;Entregado
235;202;2021-08-24;Entregado
236;2;2021-08-24;Entregado
237;30;2021-08-26;Entregado
238;122;2021-08-26;Entregado
239;345;2021-08-28;Entregado
240;489;2021-08-29;Entregado
241;224;2021-08-30;Entregado
242;494;2021-08-30;Entregado
243;271;2021-09-01;Entregado
244;1;2021-09-01;Entregado
245;54;2021-09-03;Entregado
246;193;2021-09-03;Entregado
247;47;2021-09-04;Entregado
248;111;2021-09-06;Entregado
249;94;2021-09-06;Entregado
250;233;2021-09-08;Entregado
251;129;2021-09-08;Entregado
252;264;2021-09-09;Entregado
253;51;2021-09-10;Entregado
254;172;2021-09-12;Entregado
255;123;2021-09-12;Entregado
256;41;2021-09-13;Entregado
257;322;2021-09-14;Entregado
258;467;2021-09-16;Entregado
259;196;2021-09-17;Entregado
260;342;2021-09-17;Entregado
261;314;2021-09-18;Entregado
262;76;2021-09-19;Entregado
263;284;2021-09-20;Entregado
264;167;2021-09-22;Entregado
265;332;2021-09-23;Entregado
266;460;2021-09-23;Entregado
267;5;2021-09-24;Entregado
268;317;2021-09-25;Entregado
269;84;2021-09-26;Entregado
270;282;2021-09-27;Entregado
271;311;2021-09-29;Entregado
272;275;2021-09-29;Entregado
273;152;2021-10-01;Entregado
274;198;2021-10-01;Entregado
275;186;2021-10-02;Entregado
276;249;2021-10-03;Entregado
277;191;2021-10-05;Entregado
278;27;2021-10-05;Entregado
279;128;2021-10-07;Entregado
280;202;2021-10-08;Entregado
281;83;2021-10-08;Entregado
282;408;2021-10-09;Entregado
283;408;2021-10-11;Entregado
284;367;2021-10-12;Entregado
285;109;2021-10-12;Entregado
286;36;2021-10-13;Entregado
287;147;2021-10-15;Entregado
288;63;2021-10-16;Entregado
289;349;2021-10-16;Entregado
290;440;2021-10-18;Entregado
291;331;2021-10-19;Entregado
292;289;2021-10-20;Entregado
293;319;2021-10-21;Entregado
294;431;2021-10-22;Entregado
295;98;2021-10-22;Entregado
296;111;2021-10-24;Entregado
297;123;2021-10-25;Entregado
298;497;2021-10-26;Entregado
299;145;2021-10-26;Entregado
300;139;2021-10-28;Entregado
301;273;2021-10-29;Entregado
302;403;2021-10-30;Entregado
303;19;2021-10-30;Entregado
304;468;2021-11-01;Entregado
305;117;2021-11-01;Entregado
306;110;2021-11-02;Entregado
307;342;2021-11-03;Entregado
308;204;2021-11-04;Entregado
309;464;2021-11-06;Entregado
310;242;2021-11-06;Entregado
311;162;2021-11-07;Entregado
312;55;2021-11-09;Entregado
313;380;2021-11-10;Entregado
314;96;2021-11-10;Entregado
315;479;2021-11-11;Entregado
316;205;2021-11-12;Entregado
317;242;2021-11-13;Entregado
318;167;2021-11-15;Entregado
319;259;2021-11-16;Entregado
320;56;2021-11-16;Entregado
321;207;2021-11-18;Entregado
322;106;2021-11-18;Entregado
323;474;2021-11-20;Entregado
324;213;2021-11-20;Entregado
325;180;2021-11-21;Entregado
326;308;2021-11-23;Entregado
327;28;2021-11-23;Entregado
328;420;2021-11-24;Entregado
329;32;2021-11-25;Entregado
330;476;2021-11-27;Entregado
331;345;2021-11-28;Entregado
332;128;2021-11-29;Entregado
333;63;2021-11-29;Entregado
334;174;2021-12-01;Entregado
335;119;2021-12-01;Entregado
336;468;2021-12-03;Entregado
337;97;2021-12-03;Entregado
338;485;2021-12-05;Entregado
339;402;2021-12-05;Entregado
340;451;2021-12-07;Entregado
341;16;2021-12-07;Entregado
342;311;2021-12-08;Entregado
343;405;2021-12-10;Entregado
344;306;2021-12-10;Entregado
345;339;2021-12-12;Entregado
346;382;2021-12-12;Entregado
347;366;2021-12-14;Entregado
348;419;2021-12-14;Entregado
349;324;2021-12-15;Entregado
350;271;2021-12-16;Entregado
351;78;2021-12-18;Entregado
352;240;2021-12-18;Entregado
353;205;2021-12-19;Entregado
354;410;2021-12-20;Entregado
355;333;2021-12-22;Entregado
356;49;2021-12-23;Entregado
357;176;2021-12-23;Entregado
358;91;2021-12-24;Entregado
359;251;2021-12-26;Entregado
360;358;2021-12-27;Entregado
361;255;2021-12-28;Entregado
362;372;2021-12-29;Entregado
363;423;2021-12-29;Entregado
364;459;2021-12-30;Entregado
365;353;2022-01-01;Entregado
366;316;2022-01-02;Entregado
367;25;2022-01-03;Entregado
368;365;2022-01-04;Entregado
369;11;2022-01-05;Entregado
370;442;2022-01-06;Entregado
371;80;2022-01-07;Entregado
372;453;2022-01-07;Entregado
373;249;2022-01-08;Entregado
374;323;2022-01-10;Entregado
375;361;2022-01-10;Entregado
376;290;2022-01-11;Entregado
377;303;2022-01-13;Entregado
378;235;2022-01-13;Entregado
379;477;2022-01-14;Entregado
380;211;2022-01-16;Entregado
381;38;2022-01-17;Entregado
382;171;2022-01-17;Entregado
383;392;2022-01-18;Entregado
384;77;2022-01-19;Entregado
385;446;2022-01-20;Entregado
386;319;2022-01-21;Entregado
387;442;2022-01-22;Entregado
388;34;2022-01-23;Entregado
389;168;2022-01-24;Entregado
390;500;2022-01-25;Cancelado
391;277;2022-01-27;Cancelado
392;50;2022-01-28;Entregado
393;60;2022-01-29;Cancelado
394;308;2022-01-30;Entregado
395;47;2022-01-31;Cancelado
396;430;2022-02-01;Entregado
397;214;2022-02-01;Entregado
398;192;2022-02-03;Entregado
399;14;2022-02-04;Entregado
400;338;2022-02-05;Cancelado
401;97;2022-02-06;Entregado
402;30;2022-02-07;Entregado
403;30;2022-02-08;Entregado
404;143;2022-02-09;Cancelado
405;359;2022-02-10;Cancelado
406;23;2022-02-11;Entregado
407;394;2022-02-11;Entregado
408;301;2022-02-12;Entregado
409;257;2022-02-13;Entregado
410;332;2022-02-14;Entregado
411;229;2022-02-15;Cancelado
412;299;2022-02-16;Entregado
413;60;2022-02-17;Cancelado
414;422;2022-02-18;Entregado
415;386;2022-02-19;Entregado
416;324;2022-02-20;Entregado
417;285;2022-02-22;Entregado
418;226;2022-02-23;Entregado
419;281;2022-02-24;Cancelado
420;393;2022-02-24;Entregado
421;396;2022-02-26;Cancelado
422;105;2022-02-27;Entregado
423;453;2022-02-28;Entregado
424;185;2022-02-28;Entregado
425;385;2022-03-01;Entregado
426;97;2022-03-03;Entregado
427;334;2022-03-03;Entregado
428;180;2022-03-04;Entregado
429;159;2022-03-05;Entregado
430;41;2022-03-06;Entregado
431;382;2022-03-08;Cancelado
432;222;2022-03-08;Cancelado
433;408;2022-03-09;Entregado
434;413;2022-03-10;Entregado
435;210;2022-03-11;Entregado
436;161;2022-03-12;Entregado
437;250;2022-03-14;Entregado
438;191;2022-03-15;Entregado
439;388;2022-03-16;Cancelado
440;435;2022-03-16;Entregado
441;165;2022-03-18;Entregado
442;6;2022-03-18;Cancelado
443;353;2022-03-20;Entregado
444;167;2022-03-21;Entregado
445;1;2022-03-22;Entregado
446;367;2022-03-22;Cancelado
447;41;2022-03-23;Entregado
448;223;2022-03-24;Entregado
449;87;2022-03-25;Entregado
450;202;2022-03-27;Entregado
451;6;2022-03-27;Entregado
452;409;2022-03-29;Cancelado
453;72;2022-03-30;Entregado
454;388;2022-03-31;Entregado
455;235;2022-03-31;Entregado
456;389;2022-04-02;Cancelado
457;211;2022-04-03;Entregado
458;145;2022-04-04;Entregado
459;93;2022-04-05;Entregado
460;284;2022-04-06;Entregado
461;119;2022-04-06;Entregado
462;130;2022-04-07;Entregado
463;337;2022-04-09;Entregado
464;276;2022-04-10;Entregado
465;143;2022-04-10;Cancelado
466;269;2022-04-11;Entregado
467;403;2022-04-12;Cancelado
468;80;2022-04-13;Entregado
469;361;2022-04-14;Entregado
470;33;2022-04-16;Entregado
471;23;2022-04-17;Cancelado
472;261;2022-04-18;Entregado
473;491;2022-04-19;Entregado
474;105;2022-04-19;Entregado
475;226;2022-04-21;Entregado
476;367;2022-04-21;Entregado
477;85;2022-04-22;Entregado
478;261;2022-04-23;Entregado
479;229;2022-04-24;Entregado
480;476;2022-04-25;Cancelado
481;109;2022-04-26;Entregado
482;114;2022-04-28;Entregado
483;10;2022-04-29;Entregado
484;184;2022-04-29;Entregado
485;185;2022-05-01;Cancelado
486;154;2022-05-01;Entregado
487;319;2022-05-02;Entregado
488;161;2022-05-03;Entregado
489;236;2022-05-05;Entregado
490;6;2022-05-06;Cancelado
491;354;2022-05-06;Entregado
492;202;2022-05-07;Entregado
493;5;2022-05-08;Entregado
494;347;2022-05-09;Entregado
495;102;2022-05-11;Entregado
496;458;2022-05-12;Entregado
497;86;2022-05-12;Entregado
498;421;2022-05-13;Entregado
499;435;2022-05-14;Entregado
500;285;2022-05-15;Entregado
501;353;2022-05-17;Entregado
502;468;2022-05-17;Entregado
503;113;2022-05-18;Entregado
504;347;2022-05-20;Entregado
505;500;2022-05-20;Entregado
506;133;2022-05-22;Entregado
507;168;2022-05-23;Entregado
508;396;2022-05-24;Entregado
509;178;2022-05-24;Cancelado
510;440;2022-05-26;Cancelado
511;350;2022-05-26;Cancelado
512;80;2022-05-28;Entregado
513;164;2022-05-28;Entregado
514;260;2022-05-29;Entregado
515;66;2022-05-30;Entregado
516;452;2022-06-01;Entregado
517;37;2022-06-02;Entregado
518;279;2022-06-03;Cancelado
519;128;2022-06-04;Entregado
520;422;2022-06-05;Entregado
521;108;2022-06-06;Entregado
522;498;2022-06-07;Entregado
523;103;2022-06-08;Cancelado
524;411;2022-06-09;Entregado
525;256;2022-06-09;Entregado
526;187;2022-06-10;Entregado
527;499;2022-06-12;Cancelado
528;137;2022-06-12;Cancelado
529;351;2022-06-14;Cancelado
530;405;2022-06-14;Entregado
531;492;2022-06-16;Entregado
532;389;2022-06-16;Entregado
533;390;2022-06-18;Entregado
534;31;2022-06-19;Entregado
535;17;2022-06-19;Entregado
536;166;2022-06-21;Entregado
537;390;2022-06-22;Entregado
538;6;2022-06-23;Entregado
539;459;2022-06-23;Cancelado
540;180;2022-06-25;Cancelado
541;97;2022-06-26;Entregado
542;239;2022-06-27;Cancelado
543;358;2022-06-27;Cancelado
544;206;2022-06-29;Entregado
545;356;2022-06-29;Entregado
546;144;2022-06-30;Entregado
547;227;2022-07-01;Cancelado
548;16;2022-07-02;Entregado
549;228;2022-07-04;Cancelado
550;371;2022-07-04;Entregado
551;90;2022-07-06;Cancelado
552;131;2022-07-06;Entregado
553;474;2022-07-08;Entregado
554;181;2022-07-09;Cancelado
555;238;2022-07-09;Cancelado
556;425;2022-07-11;Entregado
557;47;2022-07-12;Entregado
558;187;2022-07-12;Entregado
559;130;2022-07-13;Entregado
560;271;2022-07-15;Entregado
561;498;2022-07-15;Entregado
562;399;2022-07-17;Entregado
563;452;2022-07-17;Entregado
564;307;2022-07-18;Entregado
565;127;2022-07-20;Cancelado
566;174;2022-07-20;Entregado
567;340;2022-07-22;Cancelado
568;210;2022-07-23;Entregado
569;186;2022-07-23;Cancelado
570;173;2022-07-24;Entregado
571;457;2022-07-26;Entregado
572;299;2022-07-27;Entregado
573;215;2022-07-27;Entregado
574;395;2022-07-29;Entregado
575;69;2022-07-30;Entregado
576;100;2022-07-31;Cancelado
577;118;2022-07-31;Entregado
578;43;2022-08-01;Entregado
579;187;2022-08-02;Entregado
580;202;2022-08-03;Cancelado
581;142;2022-08-05;Entregado
582;372;2022-08-05;Entregado
583;184;2022-08-07;Entregado
584;171;2022-08-08;Entregado
585;184;2022-08-08;Cancelado
586;96;2022-08-10;Entregado
587;435;2022-08-10;Entregado
588;201;2022-08-12;Entregado
589;431;2022-08-12;Cancelado
590;379;2022-08-13;Entregado
591;374;2022-08-15;Entregado
592;64;2022-08-16;Entregado
593;253;2022-08-16;Cancelado
594;480;2022-08-17;Entregado
595;84;2022-08-18;Entregado
596;86;2022-08-20;Cancelado
597;6;2022-08-21;Entregado
598;417;2022-08-21;Cancelado
599;63;2022-08-23;Entregado
600;68;2022-08-23;Entregado
601;377;2022-08-25;Cancelado
602;291;2022-08-26;Entregado
603;90;2022-08-26;Cancelado
604;326;2022-08-28;Entregado
605;474;2022-08-29;Entregado
606;416;2022-08-30;Entregado
607;337;2022-08-30;Entregado
608;73;2022-09-01;Entregado
609;471;2022-09-02;Entregado
610;242;2022-09-02;Entregado
611;423;2022-09-03;Entregado
612;46;2022-09-05;Entregado
613;380;2022-09-06;Cancelado
614;162;2022-09-07;Cancelado
615;263;2022-09-08;Entregado
616;376;2022-09-09;Entregado
617;329;2022-09-09;Cancelado
618;486;2022-09-10;Entregado
619;39;2022-09-11;Entregado
620;470;2022-09-13;Entregado
621;251;2022-09-13;Cancelado
622;435;2022-09-14;Entregado
623;428;2022-09-15;Entregado
624;7;2022-09-17;Entregado
625;180;2022-09-17;Entregado
626;156;2022-09-19;Entregado
627;145;2022-09-20;Entregado
628;123;2022-09-21;Entregado
629;282;2022-09-21;Entregado
630;308;2022-09-23;Cancelado
631;333;2022-09-24;Entregado
632;156;2022-09-25;Entregado
633;427;2022-09-26;Entregado
634;206;2022-09-27;Entregado
635;185;2022-09-28;Entregado
636;76;2022-09-29;Entregado
637;299;2022-09-29;Entregado
638;441;2022-10-01;Entregado
639;3;2022-10-01;Entregado
640;402;2022-10-02;Entregado
641;146;2022-10-03;Entregado
642;246;2022-10-05;Entregado
643;445;2022-10-06;Entregado
644;68;2022-10-07;Entregado
645;156;2022-10-08;Entregado
646;139;2022-10-09;Entregado
647;283;2022-10-09;Cancelado
648;398;2022-10-10;Entregado
649;212;2022-10-11;Entregado
650;451;2022-10-12;Entregado
651;296;2022-10-14;Entregado
652;126;2022-10-14;Cancelado
653;388;2022-10-15;Entregado
654;307;2022-10-16;Entregado
655;423;2022-10-17;Entregado
656;27;2022-10-18;Entregado
657;290;2022-10-20;Entregado
658;286;2022-10-21;Entregado
659;80;2022-10-22;Entregado
660;26;2022-10-23;Cancelado
661;28;2022-10-24;Entregado
662;341;2022-10-25;Entregado
663;127;2022-10-25;Cancelado
664;388;2022-10-26;Entregado
665;111;2022-10-28;Entregado
666;85;2022-10-29;Entregado
667;131;2022-10-29;Entregado
668;494;2022-10-31;Entregado
669;169;2022-10-31;Entregado
670;121;2022-11-01;Cancelado
671;364;2022-11-02;Entregado
672;500;2022-11-04;Entregado
673;243;2022-11-04;Entregado
674;62;2022-11-05;Entregado
675;156;2022-11-06;Entregado
676;448;2022-11-07;Entregado
677;491;2022-11-08;Cancelado
678;378;2022-11-09;Entregado
679;47;2022-11-10;Entregado
680;261;2022-11-11;Cancelado
681;346;2022-11-13;Entregado
682;89;2022-11-13;Entregado
683;240;2022-11-15;Entregado
684;127;2022-11-16;Cancelado
685;229;2022-11-16;Entregado
686;317;2022-11-17;Cancelado
687;419;2022-11-18;Entregado
688;234;2022-11-20;Entregado
689;290;2022-11-20;Entregado
690;103;2022-11-21;Entregado
691;189;2022-11-23;Entregado
692;253;2022-11-24;Entregado
693;307;2022-11-25;Entregado
694;217;2022-11-26;Entregado
695;445;2022-11-27;Entregado
696;198;2022-11-27;Cancelado
697;219;2022-11-28;Entregado
698;336;2022-11-30;Entregado
699;40;2022-12-01;Entregado
700;349;2022-12-02;Entregado
701;87;2022-12-02;Entregado
702;56;2022-12-03;Entregado
703;2;2022-12-04;Entregado
704;234;2022-12-06;Entregado
705;465;2022-12-06;Entregado
706;180;2022-12-07;Entregado
707;478;2022-12-08;Cancelado
708;441;2022-12-10;Cancelado
709;338;2022-12-10;Cancelado
710;14;2022-12-12;Entregado
711;286;2022-12-13;Entregado
712;378;2022-12-13;Entregado
713;498;2022-12-15;Entregado
714;222;2022-12-16;Cancelado
715;404;2022-12-16;Cancelado
716;116;2022-12-18;Entregado
717;228;2022-12-19;Entregado
718;291;2022-12-20;Entregado
719;429;2022-12-20;Entregado
720;290;2022-12-21;Cancelado
721;399;2022-12-22;Entregado
722;479;2022-12-24;Entregado
723;110;2022-12-24;Cancelado
724;29;2022-12-26;Cancelado
725;165;2022-12-26;Entregado
726;288;2022-12-28;Entregado
727;102;2022-12-29;Entregado
728;30;2022-12-30;Entregado
729;189;2022-12-30;Entregado
730;40;2023-01-01;Entregado
731;219;2023-01-01;Entregado
732;139;2023-01-03;Entregado
733;371;2023-01-03;Cancelado
734;444;2023-01-05;Cancelado
735;95;2023-01-05;Entregado
736;479;2023-01-07;Entregado
737;235;2023-01-08;Entregado
738;419;2023-01-08;Entregado
739;347;2023-01-10;Cancelado
740;8;2023-01-10;Entregado
741;83;2023-01-12;Entregado
742;419;2023-01-13;Cancelado
743;86;2023-01-13;Entregado
744;336;2023-01-15;Entregado
745;308;2023-01-16;Entregado
746;221;2023-01-16;Entregado
747;243;2023-01-17;Cancelado
748;312;2023-01-18;Entregado
749;421;2023-01-19;Entregado
750;270;2023-01-21;Cancelado
751;421;2023-01-21;Entregado
752;436;2023-01-22;Entregado
753;344;2023-01-23;Entregado
754;262;2023-01-25;Entregado
755;59;2023-01-25;Entregado
756;225;2023-01-27;Entregado
757;205;2023-01-28;Entregado
758;321;2023-01-29;Entregado
759;276;2023-01-29;Entregado
760;210;2023-01-30;Cancelado
761;470;2023-02-01;Cancelado
762;476;2023-02-01;Entregado
763;235;2023-02-03;Entregado
764;115;2023-02-03;Entregado
765;471;2023-02-04;Entregado
766;116;2023-02-06;Entregado
767;186;2023-02-07;Cancelado
768;144;2023-02-07;Entregado
769;444;2023-02-09;Cancelado
770;236;2023-02-09;Entregado
771;145;2023-02-11;Entregado
772;479;2023-02-11;Cancelado
773;20;2023-02-13;Entregado
774;351;2023-02-14;Entregado
775;44;2023-02-15;Cancelado
776;157;2023-02-16;Cancelado
777;455;2023-02-17;Cancelado
778;357;2023-02-17;Entregado
779;59;2023-02-19;Entregado
780;56;2023-02-19;Entregado
781;294;2023-02-20;Entregado
782;455;2023-02-21;Cancelado
783;104;2023-02-22;Cancelado
784;293;2023-02-23;Entregado
785;13;2023-02-24;Cancelado
786;349;2023-02-25;Cancelado
787;25;2023-02-26;Cancelado
788;402;2023-02-28;Entregado
789;162;2023-03-01;Entregado
790;362;2023-03-02;Entregado
791;342;2023-03-03;Cancelado
792;50;2023-03-03;Entregado
793;135;2023-03-04;Entregado
794;347;2023-03-06;Entregado
795;383;2023-03-06;Cancelado
796;310;2023-03-07;Entregado
797;100;2023-03-09;Entregado
798;253;2023-03-09;Entregado
799;176;2023-03-11;Entregado
800;51;2023-03-12;Cancelado
801;279;2023-03-12;Cancelado
802;319;2023-03-14;Entregado
803;84;2023-03-15;Entregado
804;42;2023-03-15;Entregado
805;17;2023-03-17;Entregado
806;94;2023-03-17;Entregado
807;168;2023-03-18;Cancelado
808;392;2023-03-19;Entregado
809;461;2023-03-20;Entregado
810;220;2023-03-22;Entregado
811;172;2023-03-23;Entregado
812;216;2023-03-24;Entregado
813;90;2023-03-25;Entregado
814;66;2023-03-25;Entregado
815;190;2023-03-26;Entregado
816;200;2023-03-27;Entregado
817;19;2023-03-28;Cancelado
818;252;2023-03-29;Cancelado
819;20;2023-03-31;Entregado
820;105;2023-04-01;Cancelado
821;90;2023-04-02;Entregado
822;189;2023-04-02;Entregado
823;239;2023-04-03;Entregado
824;475;2023-04-05;Entregado
825;54;2023-04-05;Entregado
826;86;2023-04-07;Entregado
827;427;2023-04-07;Entregado
828;119;2023-04-09;Entregado
829;404;2023-04-09;Entregado
830;30;2023-04-11;Entregado
831;52;2023-04-12;Entregado
832;103;2023-04-13;Entregado
833;118;2023-04-14;Entregado
834;55;2023-04-15;Entregado
835;84;2023-04-16;Cancelado
836;129;2023-04-17;Cancelado
837;388;2023-04-18;Entregado
838;79;2023-04-19;Entregado
839;352;2023-04-19;Entregado
840;205;2023-04-21;Entregado
841;392;2023-04-22;Cancelado
842;26;2023-04-23;Entregado
843;361;2023-04-23;Entregado
844;59;2023-04-25;Entregado
845;216;2023-04-26;Entregado
846;83;2023-04-26;Entregado
847;354;2023-04-27;Cancelado
848;298;2023-04-28;Entregado
849;145;2023-04-30;Entregado
850;452;2023-04-30;Cancelado
851;47;2023-05-01;Entregado
852;478;2023-05-03;Entregado
853;25;2023-05-03;Entregado
854;406;2023-05-05;Entregado
855;265;2023-05-06;Entregado
856;375;2023-05-06;Entregado
857;142;2023-05-08;Entregado
858;391;2023-05-09;Entregado
859;110;2023-05-10;Entregado
860;10;2023-05-10;Cancelado
861;174;2023-05-11;Entregado
862;116;2023-05-12;Entregado
863;470;2023-05-14;Cancelado
864;380;2023-05-15;Entregado
865;85;2023-05-16;Cancelado
866;206;2023-05-17;Entregado
867;21;2023-05-18;Entregado
868;373;2023-05-18;Cancelado
869;172;2023-05-19;Entregado
870;44;2023-05-21;Entregado
871;11;2023-05-22;Entregado
872;330;2023-05-23;Cancelado
873;354;2023-05-23;Entregado
874;330;2023-05-25;Entregado
875;283;2023-05-25;Cancelado
876;215;2023-05-26;Entregado
877;350;2023-05-27;Entregado
878;474;2023-05-29;Entregado
879;438;2023-05-29;Entregado
880;371;2023-05-30;Entregado
881;224;2023-06-01;Entregado
882;489;2023-06-02;Cancelado
883;68;2023-06-03;Entregado
884;150;2023-06-03;Entregado
885;199;2023-06-05;Entregado
886;288;2023-06-05;Entregado
887;67;2023-06-06;Entregado
888;209;2023-06-07;Entregado
889;75;2023-06-09;Entregado
890;271;2023-06-10;Cancelado
891;21;2023-06-11;Cancelado
892;436;2023-06-12;Entregado
893;333;2023-06-12;Cancelado
894;384;2023-06-14;Entregado
895;141;2023-06-14;Entregado
896;270;2023-06-15;Cancelado
897;269;2023-06-16;Entregado
898;55;2023-06-18;Entregado
899;309;2023-06-19;Entregado
900;35;2023-06-19;Entregado
901;394;2023-06-21;Entregado
902;309;2023-06-21;Entregado
903;232;2023-06-23;Entregado
904;275;2023-06-24;Cancelado
905;266;2023-06-24;Entregado
906;296;2023-06-25;Entregado
907;414;2023-06-26;Cancelado
908;199;2023-06-27;Cancelado
909;463;2023-06-28;Cancelado
910;95;2023-06-29;Cancelado
911;482;2023-07-01;Entregado
912;496;2023-07-01;Entregado
913;328;2023-07-03;Entregado
914;265;2023-07-03;Cancelado
915;498;2023-07-04;Entregado
916;426;2023-07-06;Entregado
917;392;2023-07-06;Entregado
918;294;2023-07-07;Entregado
919;214;2023-07-09;Entregado
920;140;2023-07-10;Cancelado
921;313;2023-07-10;Entregado
922;114;2023-07-11;Cancelado
923;332;2023-07-13;Entregado
924;469;2023-07-14;Entregado
925;70;2023-07-15;Cancelado
926;205;2023-07-15;Entregado
927;348;2023-07-16;Entregado
928;490;2023-07-17;Entregado
929;440;2023-07-18;Cancelado
930;312;2023-07-20;Entregado
931;309;2023-07-21;Entregado
932;140;2023-07-21;Entregado
933;262;2023-07-23;Cancelado
934;351;2023-07-24;Cancelado
935;476;2023-07-24;Entregado
936;89;2023-07-26;Entregado
937;12;2023-07-27;Entregado
938;102;2023-07-28;Cancelado
939;495;2023-07-28;Cancelado
940;87;2023-07-29;Entregado
941;231;2023-07-31;Entregado
942;479;2023-08-01;Entregado
943;243;2023-08-01;Entregado
944;331;2023-08-03;Entregado
945;490;2023-08-03;Entregado
946;371;2023-08-05;Entregado
947;64;2023-08-05;Entregado
948;325;2023-08-07;Cancelado
949;283;2023-08-08;Entregado
950;344;2023-08-09;Cancelado
951;128;2023-08-10;Entregado
952;255;2023-08-10;Entregado
953;419;2023-08-11;Cancelado
954;404;2023-08-12;Entregado
955;97;2023-08-13;Entregado
956;408;2023-08-15;Entregado
957;437;2023-08-15;Entregado
958;300;2023-08-16;Entregado
959;149;2023-08-17;Entregado
960;78;2023-08-19;Cancelado
961;134;2023-08-19;Cancelado
962;464;2023-08-20;Entregado
963;170;2023-08-22;Entregado
964;216;2023-08-23;Entregado
965;107;2023-08-23;Entregado
966;82;2023-08-24;Cancelado
967;68;2023-08-26;Entregado
968;194;2023-08-26;Entregado
969;169;2023-08-28;Entregado
970;70;2023-08-28;Entregado
971;317;2023-08-29;Entregado
972;474;2023-08-30;Entregado
973;454;2023-08-31;Entregado
974;141;2023-09-02;Entregado
975;180;2023-09-02;Cancelado
976;56;2023-09-03;Cancelado
977;260;2023-09-05;Entregado
978;329;2023-09-06;Entregado
979;367;2023-09-07;Entregado
980;182;2023-09-08;Entregado
981;287;2023-09-08;Entregado
982;168;2023-09-09;Entregado
983;141;2023-09-11;Entregado
984;224;2023-09-11;Entregado
985;346;2023-09-12;Entregado
986;332;2023-09-14;Entregado
987;464;2023-09-15;Entregado
988;366;2023-09-15;Entregado
989;495;2023-09-16;Entregado
990;135;2023-09-18;Entregado
991;31;2023-09-19;Entregado
992;279;2023-09-19;Entregado
993;24;2023-09-21;Cancelado
994;434;2023-09-22;Entregado
995;122;2023-09-23;Cancelado
996;361;2023-09-24;Entregado
997;381;2023-09-25;Entregado
998;298;2023-09-26;Cancelado
999;469;2023-09-26;Entregado
1000;429;2023-09-27;Entregado
1001;218;2023-09-29;Entregado
1002;313;2023-09-30;Entregado
1003;499;2023-09-30;Entregado
1004;60;2023-10-02;Entregado
1005;168;2023-10-03;Entregado
1006;206;2023-10-03;Entregado
1007;440;2023-10-04;Entregado
1008;469;2023-10-06;Entregado
1009;211;2023-10-07;Cancelado
1010;495;2023-10-07;Entregado
1011;429;2023-10-09;Cancelado
1012;353;2023-10-10;Cancelado
1013;323;2023-10-10;Entregado
1014;315;2023-10-11;Entregado
1015;5;2023-10-13;Entregado
1016;273;2023-10-14;Entregado
1017;213;2023-10-14;Entregado
1018;462;2023-10-16;Entregado
1019;161;2023-10-17;Cancelado
1020;381;2023-10-18;Entregado
1021;337;2023-10-19;Cancelado
1022;260;2023-10-19;Cancelado
1023;398;2023-10-21;Entregado
1024;226;2023-10-22;Cancelado
1025;191;2023-10-22;Entregado
1026;436;2023-10-24;Entregado
1027;145;2023-10-24;Entregado
1028;184;2023-10-25;Entregado
1029;370;2023-10-27;Entregado
1030;25;2023-10-27;Entregado
1031;152;2023-10-29;Entregado
1032;31;2023-10-29;Entregado
1033;98;2023-10-31;Cancelado
1034;299;2023-11-01;Entregado
1035;443;2023-11-01;Cancelado
1036;276;2023-11-02;Entregado
1037;303;2023-11-03;Entregado
1038;306;2023-11-04;Cancelado
1039;150;2023-11-06;Entregado
1040;162;2023-11-06;Entregado
1041;422;2023-11-08;Entregado
1042;268;2023-11-08;Entregado
1043;176;2023-11-10;Entregado
1044;183;2023-11-10;Entregado
1045;119;2023-11-11;Entregado
1046;110;2023-11-13;Entregado
1047;11;2023-11-14;Entregado
1048;242;2023-11-14;Entregado
1049;365;2023-11-15;Entregado
1050;428;2023-11-16;Entregado
1051;472;2023-11-18;Cancelado
1052;267;2023-11-18;Entregado
1053;262;2023-11-20;Entregado
1054;18;2023-11-21;Entregado
1055;108;2023-11-22;Entregado
1056;310;2023-11-22;Entregado
1057;475;2023-11-24;Entregado
1058;79;2023-11-24;Entregado
1059;62;2023-11-26;Entregado
1060;86;2023-11-27;Entregado
1061;446;2023-11-28;Entregado
1062;35;2023-11-29;Cancelado
1063;466;2023-11-29;Entregado
1064;377;2023-11-30;Entregado
1065;182;2023-12-01;Entregado
1066;466;2023-12-02;Entregado
1067;98;2023-12-03;Entregado
1068;34;2023-12-05;Cancelado
1069;248;2023-12-05;Entregado
1070;108;2023-12-06;Entregado
1071;263;2023-12-07;Entregado
1072;298;2023-12-09;Cancelado
1073;342;2023-12-09;Entregado
1074;39;2023-12-11;Entregado
1075;23;2023-12-11;Entregado
1076;232;2023-12-12;Cancelado
1077;195;2023-12-14;Entregado
1078;294;2023-12-14;Entregado
1079;474;2023-12-16;Entregado
1080;271;2023-12-16;Entregado
1081;436;2023-12-17;Cancelado
1082;136;2023-12-19;Entregado
1083;319;2023-12-19;Entregado
1084;198;2023-12-20;Entregado
1085;281;2023-12-21;Cancelado
1086;128;2023-12-23;Entregado
1087;94;2023-12-23;Cancelado
1088;83;2023-12-24;Entregado
1089;150;2023-12-26;Cancelado
1090;353;2023-12-27;Entregado
1091;323;2023-12-28;Entregado
1092;16;2023-12-28;Entregado
1093;45;2023-12-30;Entregado
1094;59;2023-12-31;Entregado
1095;355;2024-01-01;Entregado
1096;304;2024-01-02;Entregado
1097;359;2024-01-02;Entregado
1098;409;2024-01-03;Entregado
1099;87;2024-01-04;Entregado
1100;65;2024-01-06;Entregado
1101;272;2024-01-07;Entregado
1102;346;2024-01-07;Entregado
1103;81;2024-01-08;Entregado
1104;128;2024-01-09;Cancelado
1105;450;2024-01-10;Entregado
1106;363;2024-01-12;Entregado
1107;218;2024-01-13;Entregado
1108;370;2024-01-14;Entregado
1109;454;2024-01-15;Cancelado
1110;494;2024-01-16;Cancelado
1111;245;2024-01-16;Entregado
1112;40;2024-01-17;Entregado
1113;292;2024-01-18;Entregado
1114;37;2024-01-19;Entregado
1115;473;2024-01-21;Entregado
1116;311;2024-01-21;Entregado
1117;277;2024-01-22;Cancelado
1118;165;2024-01-23;Entregado
1119;84;2024-01-24;Entregado
1120;88;2024-01-25;Entregado
1121;436;2024-01-26;Cancelado
1122;438;2024-01-28;Entregado
1123;68;2024-01-29;Cancelado
1124;333;2024-01-29;Entregado
1125;370;2024-01-31;Cancelado
1126;318;2024-01-31;Entregado
1127;257;2024-02-01;Entregado
1128;118;2024-02-03;Cancelado
1129;211;2024-02-04;Entregado
1130;397;2024-02-05;Entregado
1131;404;2024-02-06;Cancelado
1132;362;2024-02-06;Entregado
1133;396;2024-02-07;Entregado
1134;294;2024-02-08;Entregado
1135;7;2024-02-09;Cancelado
1136;398;2024-02-11;Cancelado
1137;61;2024-02-12;Entregado
1138;102;2024-02-12;Cancelado
1139;180;2024-02-14;Entregado
1140;121;2024-02-14;Entregado
1141;128;2024-02-15;Entregado
1142;173;2024-02-17;Entregado
1143;191;2024-02-18;Entregado
1144;79;2024-02-19;Entregado
1145;93;2024-02-19;Entregado
1146;62;2024-02-21;Entregado
1147;454;2024-02-21;Cancelado
1148;37;2024-02-23;Entregado
1149;375;2024-02-23;Cancelado
1150;359;2024-02-25;Entregado
1151;291;2024-02-26;Cancelado
1152;116;2024-02-27;Entregado
1153;59;2024-02-27;Entregado
1154;326;2024-02-29;Entregado
1155;281;2024-02-29;Cancelado
1156;222;2024-03-01;Entregado
1157;305;2024-03-02;Entregado
1158;217;2024-03-04;Entregado
1159;90;2024-03-05;Entregado
1160;180;2024-03-06;Cancelado
1161;158;2024-03-06;Entregado
1162;426;2024-03-08;Entregado
1163;320;2024-03-08;Entregado
1164;242;2024-03-10;Entregado
1165;154;2024-03-11;Cancelado
1166;256;2024-03-11;Entregado
1167;425;2024-03-13;Cancelado
1168;50;2024-03-14;Entregado
1169;302;2024-03-15;Entregado
1170;113;2024-03-15;Entregado
1171;74;2024-03-17;Entregado
1172;281;2024-03-18;Entregado
1173;347;2024-03-19;Entregado
1174;58;2024-03-19;Cancelado
1175;292;2024-03-20;Entregado
1176;268;2024-03-21;Entregado
1177;32;2024-03-23;Entregado
1178;367;2024-03-24;Entregado
1179;193;2024-03-24;Cancelado
1180;29;2024-03-25;Entregado
1181;255;2024-03-27;Entregado
1182;311;2024-03-28;Entregado
1183;389;2024-03-29;Cancelado
1184;370;2024-03-29;Cancelado
1185;465;2024-03-30;Entregado
1186;268;2024-04-01;Entregado
1187;326;2024-04-01;Entregado
1188;395;2024-04-03;Entregado
1189;473;2024-04-04;Entregado
1190;202;2024-04-04;Entregado
1191;117;2024-04-06;Entregado
1192;466;2024-04-07;Cancelado
1193;179;2024-04-07;Cancelado
1194;4;2024-04-09;Entregado
1195;13;2024-04-09;Cancelado
1196;404;2024-04-11;Entregado
1197;174;2024-04-12;Entregado
1198;231;2024-04-12;Entregado
1199;207;2024-04-13;Cancelado
1200;291;2024-04-15;Entregado
1201;150;2024-04-16;Entregado
1202;255;2024-04-17;Entregado
1203;440;2024-04-18;Entregado
1204;255;2024-04-18;Entregado
1205;243;2024-04-20;Cancelado
1206;440;2024-04-21;Entregado
1207;343;2024-04-21;Cancelado
1208;409;2024-04-22;Entregado
1209;194;2024-04-23;Entregado
1210;373;2024-04-24;Entregado
1211;350;2024-04-25;Entregado
1212;362;2024-04-26;Entregado
1213;200;2024-04-28;Entregado
1214;334;2024-04-28;Cancelado
1215;454;2024-04-29;Cancelado
1216;183;2024-05-01;Entregado
1217;202;2024-05-01;Entregado
1218;169;2024-05-03;Entregado
1219;137;2024-05-03;Entregado
1220;383;2024-05-04;Entregado
1221;208;2024-05-06;Cancelado
1222;460;2024-05-06;Cancelado
1223;38;2024-05-07;Entregado
1224;206;2024-05-08;Entregado
1225;27;2024-05-09;Cancelado
1226;12;2024-05-11;Cancelado
1227;493;2024-05-12;Entregado
1228;492;2024-05-12;Cancelado
1229;239;2024-05-13;Entregado
1230;167;2024-05-15;Cancelado
1231;66;2024-05-16;Cancelado
1232;26;2024-05-17;Cancelado
1233;272;2024-05-17;Entregado
1234;498;2024-05-18;Entregado
1235;409;2024-05-20;Entregado
1236;79;2024-05-21;Cancelado
1237;215;2024-05-22;Cancelado
1238;182;2024-05-23;Cancelado
1239;11;2024-05-24;Entregado
1240;165;2024-05-25;Cancelado
1241;210;2024-05-25;Cancelado
1242;203;2024-05-27;Entregado
1243;402;2024-05-27;Entregado
1244;402;2024-05-28;Cancelado
1245;3;2024-05-30;Entregado
1246;144;2024-05-31;Cancelado
1247;78;2024-06-01;Entregado
1248;441;2024-06-02;Entregado
1249;310;2024-06-03;Entregado
1250;92;2024-06-04;Cancelado
1251;10;2024-06-05;Entregado
1252;292;2024-06-06;Entregado
1253;229;2024-06-06;Entregado
1254;453;2024-06-08;Entregado
1255;15;2024-06-08;Entregado
1256;289;2024-06-10;Cancelado
1257;4;2024-06-10;Entregado
1258;361;2024-06-11;Entregado
1259;315;2024-06-13;Entregado
1260;405;2024-06-14;Entregado
1261;185;2024-06-14;Entregado
1262;126;2024-06-15;Entregado
1263;340;2024-06-16;Entregado
1264;42;2024-06-18;Entregado
1265;87;2024-06-18;Cancelado
1266;393;2024-06-20;Entregado
1267;87;2024-06-21;Cancelado
1268;203;2024-06-22;Entregado
1269;468;2024-06-23;Entregado
1270;362;2024-06-23;Entregado
1271;60;2024-06-25;Entregado
1272;124;2024-06-26;Cancelado
1273;140;2024-06-26;Cancelado
1274;400;2024-06-28;Entregado
1275;396;2024-06-29;Cancelado
1276;200;2024-06-29;Entregado
1277;106;2024-06-30;Entregado
1278;57;2024-07-02;Cancelado
1279;216;2024-07-03;Entregado
1280;446;2024-07-03;Cancelado
1281;150;2024-07-05;Entregado
1282;215;2024-07-05;Entregado
1283;258;2024-07-07;Entregado
1284;150;2024-07-08;Entregado
1285;459;2024-07-08;Entregado
1286;28;2024-07-10;Cancelado
1287;61;2024-07-11;Entregado
1288;331;2024-07-11;Cancelado
1289;376;2024-07-12;Entregado
1290;29;2024-07-13;Cancelado
1291;22;2024-07-14;Cancelado
1292;120;2024-07-16;Cancelado
1293;137;2024-07-16;Cancelado
1294;210;2024-07-17;Entregado
1295;450;2024-07-19;Entregado
1296;399;2024-07-19;Entregado
1297;369;2024-07-21;Entregado
1298;7;2024-07-21;Entregado
1299;183;2024-07-22;Cancelado
1300;422;2024-07-23;Entregado
1301;132;2024-07-24;Entregado
1302;167;2024-07-25;Entregado
1303;266;2024-07-27;Cancelado
1304;313;2024-07-28;Entregado
1305;298;2024-07-29;Entregado
1306;159;2024-07-29;Entregado
1307;242;2024-07-31;Entregado
1308;290;2024-07-31;Entregado
1309;113;2024-08-02;Entregado
1310;328;2024-08-03;Cancelado
1311;65;2024-08-04;Cancelado
1312;458;2024-08-05;Entregado
1313;45;2024-08-06;Entregado
1314;385;2024-08-07;Entregado
1315;427;2024-08-07;Cancelado
1316;68;2024-08-08;Entregado
1317;359;2024-08-10;Cancelado
1318;42;2024-08-10;Cancelado
1319;333;2024-08-11;Entregado
1320;319;2024-08-12;Entregado
1321;433;2024-08-13;Cancelado
1322;361;2024-08-14;Entregado
1323;183;2024-08-15;Entregado
1324;436;2024-08-16;Entregado
1325;457;2024-08-17;Cancelado
1326;244;2024-08-18;Cancelado
1327;340;2024-08-19;Cancelado
1328;433;2024-08-21;Cancelado
1329;141;2024-08-21;Entregado
1330;276;2024-08-22;Entregado
1331;180;2024-08-24;Cancelado
1332;194;2024-08-25;Cancelado
1333;309;2024-08-26;Cancelado
1334;254;2024-08-26;Cancelado
1335;232;2024-08-27;Entregado
1336;95;2024-08-29;Entregado
1337;13;2024-08-29;Cancelado
1338;33;2024-08-31;Cancelado
1339;152;2024-09-01;Entregado
1340;224;2024-09-02;Cancelado
1341;51;2024-09-02;Entregado
1342;210;2024-09-04;Cancelado
1343;117;2024-09-05;Entregado
1344;68;2024-09-05;Cancelado
1345;291;2024-09-06;Cancelado
1346;473;2024-09-07;Cancelado
1347;12;2024-09-08;Entregado
1348;318;2024-09-09;Entregado
1349;76;2024-09-10;Entregado
1350;416;2024-09-11;Cancelado
1351;371;2024-09-12;Entregado
1352;144;2024-09-14;Entregado
1353;474;2024-09-15;Cancelado
1354;414;2024-09-15;Entregado
1355;393;2024-09-17;Cancelado
1356;364;2024-09-17;Entregado
1357;336;2024-09-19;Entregado
1358;175;2024-09-20;Cancelado
1359;391;2024-09-20;Entregado
1360;123;2024-09-21;Cancelado
1361;385;2024-09-22;Entregado
1362;279;2024-09-24;Cancelado
1363;58;2024-09-25;Cancelado
1364;43;2024-09-26;Cancelado
1365;276;2024-09-26;Cancelado
1366;424;2024-09-28;Entregado
1367;147;2024-09-28;Entregado
1368;378;2024-09-30;Cancelado
1369;307;2024-09-30;Cancelado
1370;221;2024-10-02;Cancelado
1371;443;2024-10-02;Entregado
1372;123;2024-10-04;Entregado
1373;402;2024-10-05;Cancelado
1374;285;2024-10-05;Entregado
1375;497;2024-10-07;Cancelado
1376;324;2024-10-07;Cancelado
1377;228;2024-10-09;Cancelado
1378;414;2024-10-10;Cancelado
1379;101;2024-10-11;Cancelado
1380;164;2024-10-12;Cancelado
1381;324;2024-10-12;Cancelado
1382;66;2024-10-13;Cancelado
1383;70;2024-10-15;Cancelado
1384;254;2024-10-15;Entregado
